T,optimal_P_max,min_error,S_ref
1000,30000000.0,,-0.40119426966793276
10000,10000000.0,0.27519471963309455,0.491910894869424
100000,3000000.0,,-0.4870575990755473
